[
  {
    "id": "5f3fa1d8-56f4-40dc-8888-33aacc5feb0d",
    "data": [
      {
        "text": "quero comprar",
        "userDefined": false
      }
    ],
    "isTemplate": false,
    "count": 0,
    "lang": "pt-br",
    "updated": 0
  },
  {
    "id": "d4727ddd-7c6b-43e9-ad39-dcb49ff8dbfe",
    "data": [
      {
        "text": "vamos",
        "userDefined": false
      }
    ],
    "isTemplate": false,
    "count": 0,
    "lang": "pt-br",
    "updated": 0
  },
  {
    "id": "6fbfa15f-3a1c-4b8b-8081-64efabd81484",
    "data": [
      {
        "text": "sim! ",
        "userDefined": false
      },
      {
        "text": "quero pizza",
        "userDefined": false
      }
    ],
    "isTemplate": false,
    "count": 0,
    "lang": "pt-br",
    "updated": 0
  },
  {
    "id": "91d5b392-9882-4bbe-933e-da5b42ff007b",
    "data": [
      {
        "text": "vou querer ",
        "userDefined": false
      },
      {
        "text": "pizza",
        "userDefined": false
      }
    ],
    "isTemplate": false,
    "count": 0,
    "lang": "pt-br",
    "updated": 0
  },
  {
    "id": "1e1b6369-0826-4785-a51c-30b3bd0690cc",
    "data": [
      {
        "text": "comprar  pizza",
        "userDefined": false
      }
    ],
    "isTemplate": false,
    "count": 0,
    "lang": "pt-br",
    "updated": 0
  },
  {
    "id": "4709f538-c025-4cbf-8e35-6155a40b0f97",
    "data": [
      {
        "text": "\u003cfont style\u003d\"vertical-align: inherit;\"\u003e\u003cfont style\u003d\"vertical-align: inherit;\"\u003equero  \u003c/font\u003e\u003c/font\u003e",
        "userDefined": false
      },
      {
        "text": "uma pizza",
        "meta": "@sys.number",
        "alias": "number",
        "userDefined": false
      }
    ],
    "isTemplate": false,
    "count": 0,
    "lang": "pt-br",
    "updated": 0
  },
  {
    "id": "12b327ea-d4a8-4c4f-b985-c979534ae377",
    "data": [
      {
        "text": "queo ",
        "userDefined": false
      },
      {
        "text": "um lanche",
        "meta": "@sys.number",
        "alias": "number",
        "userDefined": false
      }
    ],
    "isTemplate": false,
    "count": 0,
    "lang": "pt-br",
    "updated": 0
  },
  {
    "id": "26ccf015-5880-4cb9-be2a-ac2c8622791c",
    "data": [
      {
        "text": "Comprar",
        "userDefined": false
      }
    ],
    "isTemplate": false,
    "count": 0,
    "lang": "pt-br",
    "updated": 0
  },
  {
    "id": "738a0792-e829-4a1d-8046-68e4ec52dc2f",
    "data": [
      {
        "text": "Me dá",
        "userDefined": false
      }
    ],
    "isTemplate": false,
    "count": 0,
    "lang": "pt-br",
    "updated": 0
  },
  {
    "id": "59d55431-5750-4bd4-829a-96c9ae597df1",
    "data": [
      {
        "text": "\u003cfont style\u003d\"vertical-align: inherit;\"\u003e\u003cfont style\u003d\"vertical-align: inherit;\"\u003eQuero comprar\u003c/font\u003e\u003c/font\u003e",
        "userDefined": false
      }
    ],
    "isTemplate": false,
    "count": 0,
    "lang": "pt-br",
    "updated": 0
  },
  {
    "data": [
      {
        "text": "\u003cfont style\u003d\"vertical-align: inherit;\"\u003e\u003cfont style\u003d\"vertical-align: inherit;\"\u003e\u003cfont style\u003d\"vertical-align: inherit;\"\u003e\u003cfont style\u003d\"vertical-align: inherit;\"\u003e\u003cfont style\u003d\"vertical-align: inherit;\"\u003e\u003cfont style\u003d\"vertical-align: inherit; \"\u003ecomprar \u003c/font\u003e\u003c/font\u003e \u003c/font\u003e\u003c/font\u003e \u003c/font\u003e\u003c/font\u003e",
        "userDefined": false
      },
      {
        "text": "2",
        "meta": "@sys.number",
        "alias": "number",
        "userDefined": false
      },
      {
        "text": "    ",
        "userDefined": false
      },
      {
        "text": "pizzas",
        "meta": "@sys.location",
        "alias": "location",
        "userDefined": false
      },
      {
        "text": "\u003cfont style\u003d\"vertical-align: inherit;\"\u003e\u003cfont style\u003d\"vertical-align: inherit;\"\u003e \u003cfont style\u003d\"vertical-align: inherit;\"\u003e\u003cfont style\u003d\"vertical-align: inherit;\"\u003e \u003cfont style \u003d\"vertical-align: inherit;\"\u003e \u003cfont style\u003d\"vertical-align: inherit;\"\u003e de ",
        "userDefined": false
      },
      {
        "text": "mussarela",
        "meta": "@sabor_pizza",
        "alias": "sabor",
        "userDefined": false
      },
      {
        "text": "\u003c/font\u003e\u003c/font\u003e\u003c/font\u003e\u003c/font\u003e\u003c/font\u003e\u003c/font\u003e",
        "userDefined": false
      }
    ],
    "isTemplate": false,
    "count": 0,
    "lang": "pt-br",
    "updated": 0
  },
  {
    "data": [
      {
        "text": "comprar ",
        "userDefined": false
      },
      {
        "text": "pizza",
        "meta": "@sys.location",
        "alias": "location",
        "userDefined": false
      },
      {
        "text": " ",
        "userDefined": false
      },
      {
        "text": "calabresa",
        "meta": "@sabor_pizza",
        "alias": "sabor",
        "userDefined": false
      }
    ],
    "isTemplate": false,
    "count": 6,
    "lang": "pt-br",
    "updated": 0
  },
  {
    "data": [
      {
        "text": "Quero ",
        "userDefined": false
      },
      {
        "text": "comprar uma",
        "meta": "@sys.number",
        "alias": "number",
        "userDefined": false
      },
      {
        "text": " pizza",
        "userDefined": false
      }
    ],
    "isTemplate": false,
    "count": 0,
    "lang": "pt-br",
    "updated": 0
  },
  {
    "data": [
      {
        "text": "Quero comprar ",
        "userDefined": false
      },
      {
        "text": "uma",
        "meta": "@sys.number",
        "alias": "number",
        "userDefined": false
      },
      {
        "text": " pizza",
        "userDefined": false
      }
    ],
    "isTemplate": false,
    "count": 0,
    "lang": "pt-br",
    "updated": 0
  },
  {
    "data": [
      {
        "text": "comprar ",
        "userDefined": false
      },
      {
        "text": "2",
        "meta": "@sys.number",
        "alias": "number",
        "userDefined": false
      },
      {
        "text": " ",
        "userDefined": false
      },
      {
        "text": "pizzas",
        "meta": "@sys.location",
        "alias": "location",
        "userDefined": false
      },
      {
        "text": " de ",
        "userDefined": false
      },
      {
        "text": "mussarela",
        "meta": "@sabor_pizza",
        "alias": "sabor",
        "userDefined": false
      }
    ],
    "isTemplate": false,
    "count": 1,
    "lang": "pt-br",
    "updated": 0
  },
  {
    "data": [
      {
        "text": "comprar ",
        "userDefined": false
      },
      {
        "text": "pizza",
        "meta": "@sys.location",
        "alias": "location",
        "userDefined": false
      },
      {
        "text": " de ",
        "userDefined": false
      },
      {
        "text": "mussarela",
        "meta": "@sabor_pizza",
        "alias": "sabor",
        "userDefined": false
      }
    ],
    "isTemplate": false,
    "count": 1,
    "lang": "pt-br",
    "updated": 0
  }
]