[
  {
    "id": "ff2bad52-af48-48fd-abc8-33c8c6af2e3d",
    "data": [
      {
        "text": "saber de coisa",
        "userDefined": false
      }
    ],
    "isTemplate": false,
    "count": 0,
    "lang": "pt-br",
    "updated": 0
  },
  {
    "id": "be83317e-a805-4ad0-9c34-9f681438e4b7",
    "data": [
      {
        "text": "informações",
        "userDefined": false
      }
    ],
    "isTemplate": false,
    "count": 0,
    "lang": "pt-br",
    "updated": 0
  },
  {
    "id": "82d21d88-fa28-4db8-88c2-0e38920fd7b2",
    "data": [
      {
        "text": "quero saber de algo",
        "userDefined": false
      }
    ],
    "isTemplate": false,
    "count": 0,
    "lang": "pt-br",
    "updated": 0
  },
  {
    "id": "14126199-38c0-4267-bf3d-ff878d9f7e2a",
    "data": [
      {
        "text": "preciso de ",
        "userDefined": false
      },
      {
        "text": "uma",
        "meta": "@sys.number",
        "alias": "number",
        "userDefined": false
      },
      {
        "text": " informação",
        "userDefined": false
      }
    ],
    "isTemplate": false,
    "count": 0,
    "lang": "pt-br",
    "updated": 0
  },
  {
    "id": "ecdded85-82cd-4e74-9dc3-da2e31f9bc4c",
    "data": [
      {
        "text": "informação",
        "userDefined": false
      }
    ],
    "isTemplate": false,
    "count": 0,
    "lang": "pt-br",
    "updated": 0
  },
  {
    "id": "2cafa2ae-4d17-40ab-8435-20be04fb04b5",
    "data": [
      {
        "text": "quero ",
        "userDefined": false
      },
      {
        "text": "uma",
        "meta": "@sys.number",
        "alias": "number",
        "userDefined": false
      },
      {
        "text": " informação",
        "userDefined": false
      }
    ],
    "isTemplate": false,
    "count": 0,
    "lang": "pt-br",
    "updated": 0
  }
]