[
  {
    "value": "médio",
    "synonyms": [
      "médio",
      "medio",
      "mediana",
      "m",
      "6 fatias",
      "media"
    ]
  },
  {
    "value": "grande",
    "synonyms": [
      "grande",
      "familia",
      "g",
      "10 fatias"
    ]
  },
  {
    "value": "pequena",
    "synonyms": [
      "pequena",
      "menor",
      "4 fatias",
      "p"
    ]
  },
  {
    "value": "broto",
    "synonyms": [
      "broto",
      "brotinho",
      "pra uma pessoa",
      "para uma pessoa",
      "1 fatia"
    ]
  }
]